path,avg_volume,last_volume,RSI,Close_price,low_BB
flet\рисунок1.png,7966.866084651163,12490.51852,48.144366320337994,198.93,194.11033008646305
flet\рисунок2.png,7945.199760697674,8316.19098,44.38399494624437,197.69,194.18409554239673
flet\рисунок3.png,7943.405529136213,3491.19392,47.22694419320798,198.45,194.22406977030624
flet\рисунок4.png,7937.281091727575,6059.82812,51.75096528261886,199.63,194.20726273500273
flet\рисунок5.png,4160.299959933554,43471.91256,20.66851467219691,219.99,220.48510979222894
flet\рисунок6.png,4252.434634219268,13097.24441,33.38381409174283,222.15,219.71194254708502
flet\рисунок7.png,4347.711414119602,18161.51292,42.17885673773535,223.91,219.85679099887116
flet\рисунок8.png,4423.124793887043,16150.77905,44.1520275716347,224.28,220.22843161319298
flet\рисунок9.png,5571.31346345515,12065.61,18.16417939372603,4101.76,4040.969330864296
flet\рисунок10.png,5623.410073754153,12847.0236,15.999261493496423,4059.07,3979.4248583875806
flet\рисунок11.png,5639.037037873754,6662.5631,20.329649020789535,4071.35,3934.6995704882675
flet\рисунок12.png,5689.426843853821,16015.0378,18.342877419871648,4040.39,3904.6296589363346
flet\рисунок13.png,7966.866084651163,12490.51852,48.144366320337994,198.93,194.11033008646305
flet\рисунок14.png,7945.199760697674,8316.19098,44.38399494624437,197.69,194.18409554239673
flet\рисунок15.png,7943.405529136213,3491.19392,47.22694419320798,198.45,194.22406977030624
flet\рисунок16.png,7937.281091727575,6059.82812,51.75096528261886,199.63,194.20726273500273
flet\рисунок17.png,4160.299959933554,43471.91256,20.66851467219691,219.99,220.48510979222894
flet\рисунок18.png,4252.434634219268,13097.24441,33.38381409174283,222.15,219.71194254708502
flet\рисунок19.png,4347.711414119602,18161.51292,42.17885673773535,223.91,219.85679099887116
flet\рисунок20.png,4423.124793887043,16150.77905,44.1520275716347,224.28,220.22843161319298
flet\рисунок21.png,5571.31346345515,12065.61,18.16417939372603,4101.76,4040.969330864296
flet\рисунок22.png,5623.410073754153,12847.0236,15.999261493496423,4059.07,3979.4248583875806
flet\рисунок23.png,5639.037037873754,6662.5631,20.329649020789535,4071.35,3934.6995704882675
flet\рисунок24.png,5689.426843853821,16015.0378,18.342877419871648,4040.39,3904.6296589363346
flet\рисунок25.png,7966.866084651163,12490.51852,48.144366320337994,198.93,194.11033008646305
flet\рисунок26.png,7945.199760697674,8316.19098,44.38399494624437,197.69,194.18409554239673
flet\рисунок27.png,7943.405529136213,3491.19392,47.22694419320798,198.45,194.22406977030624
flet\рисунок28.png,7937.281091727575,6059.82812,51.75096528261886,199.63,194.20726273500273
flet\рисунок29.png,4160.299959933554,43471.91256,20.66851467219691,219.99,220.48510979222894
flet\рисунок30.png,4252.434634219268,13097.24441,33.38381409174283,222.15,219.71194254708502
flet\рисунок31.png,4347.711414119602,18161.51292,42.17885673773535,223.91,219.85679099887116
flet\рисунок32.png,4423.124793887043,16150.77905,44.1520275716347,224.28,220.22843161319298
flet\рисунок33.png,5571.31346345515,12065.61,18.16417939372603,4101.76,4040.969330864296
flet\рисунок34.png,5623.410073754153,12847.0236,15.999261493496423,4059.07,3979.4248583875806
flet\рисунок35.png,5639.037037873754,6662.5631,20.329649020789535,4071.35,3934.6995704882675
flet\рисунок36.png,5689.426843853821,16015.0378,18.342877419871648,4040.39,3904.6296589363346
flet\рисунок37.png,7966.866084651163,12490.51852,48.144366320337994,198.93,194.11033008646305
flet\рисунок38.png,7945.199760697674,8316.19098,44.38399494624437,197.69,194.18409554239673
flet\рисунок39.png,7943.405529136213,3491.19392,47.22694419320798,198.45,194.22406977030624
flet\рисунок40.png,7937.281091727575,6059.82812,51.75096528261886,199.63,194.20726273500273
flet\рисунок41.png,4160.299959933554,43471.91256,20.66851467219691,219.99,220.48510979222894
flet\рисунок42.png,4252.434634219268,13097.24441,33.38381409174283,222.15,219.71194254708502
flet\рисунок43.png,4347.711414119602,18161.51292,42.17885673773535,223.91,219.85679099887116
flet\рисунок44.png,4423.124793887043,16150.77905,44.1520275716347,224.28,220.22843161319298
flet\рисунок45.png,5571.31346345515,12065.61,18.16417939372603,4101.76,4040.969330864296
flet\рисунок46.png,5623.410073754153,12847.0236,15.999261493496423,4059.07,3979.4248583875806
flet\рисунок47.png,5639.037037873754,6662.5631,20.329649020789535,4071.35,3934.6995704882675
flet\рисунок48.png,5689.426843853821,16015.0378,18.342877419871648,4040.39,3904.6296589363346
flet\рисунок49.png,3419.667234983389,5904.1831,30.49476918028109,159.8,159.97531814704828
flet\рисунок50.png,3370.144151162791,3018.14224,36.73178038211306,160.38,159.58882455683087
flet\рисунок51.png,3352.844853853821,1474.67446,39.56885001063619,160.63,159.27443694615653
flet\рисунок52.png,3348.3025416611295,2180.0166,43.532219704272464,160.83,159.05282321091278
flet\рисунок53.png,8878.57845757475,22878.9436,37.05667668930825,252.69,245.34961658132707
flet\рисунок54.png,8916.00506066445,19621.22621,42.077588723404226,253.98,244.19080165906317
flet\рисунок55.png,8968.533033953488,14594.25816,43.86972301077033,254.57,243.76531911442032
flet\рисунок56.png,8984.59244667774,14475.2923,40.256065589198016,252.47,244.31604509073526
flet\рисунок57.png,12013.983713322259,19911.55645,30.345561157114552,264.38,261.35715098862124
flet\рисунок58.png,12021.861540531561,12926.07063,29.305622401148028,263.26,259.12039909526754
flet\рисунок59.png,12029.148823554819,10627.78014,28.17683524863761,261.71,257.3573099548834
flet\рисунок60.png,12116.06550963455,21372.31903,31.20952137555195,260.68,255.54883113964445
flet\рисунок61.png,20331.804007774084,113128.35835,25.006071200531704,110.93,107.88576940199167
flet\рисунок62.png,20810.9668730897,77694.56529,22.048630415434598,106.65,103.26481837789532
flet\рисунок63.png,21332.098455980067,75320.80484,22.55209501946805,106.79,100.27544833169063
flet\рисунок64.png,21538.521712757476,36819.89098,22.721173163743618,106.12,97.5974952605223
flet\рисунок65.png,7693.561843621263,19945.47301,29.210781257074313,198.0,195.3243838772138
flet\рисунок66.png,7741.325373554817,13732.64812,33.13671689825222,198.64,195.01468162829042
flet\рисунок67.png,7788.685006179401,9790.63769,35.51815907715572,198.94,194.7506098005487
flet\рисунок68.png,7812.731919933556,9977.59543,37.46883366186313,198.81,194.62203320549773
flet\рисунок69.png,10814.677434318937,19630.34112,39.93220572935477,182.25,179.92170808852862
flet\рисунок70.png,10843.495191627908,14670.60374,45.812783179129596,183.77,179.6168930328705
flet\рисунок71.png,10882.110690431895,22109.92787,54.202610512405656,186.51,179.80772054858926
flet\рисунок72.png,10853.442706212623,4528.39221,55.01611927099932,186.81,180.05773907420365
flet\рисунок73.png,7966.866084651163,12490.51852,48.144366320337994,198.93,194.11033008646305
flet\рисунок74.png,7945.199760697674,8316.19098,44.38399494624437,197.69,194.18409554239673
flet\рисунок75.png,7943.405529136213,3491.19392,47.22694419320798,198.45,194.22406977030624
flet\рисунок76.png,7937.281091727575,6059.82812,51.75096528261886,199.63,194.20726273500273
flet\рисунок77.png,6808.261795315615,7990.04309,39.74855978967393,202.49,200.8663712615831
flet\рисунок78.png,6801.026324883721,5882.78806,39.34166352138026,202.22,200.3060319006216
flet\рисунок79.png,6790.906920996678,4685.92822,40.898120400157765,202.25,199.7247316831485
flet\рисунок80.png,6795.797572757475,9839.11002,42.24705703911747,202.36,199.45721219025734
flet\рисунок81.png,4160.299959933554,43471.91256,20.66851467219691,219.99,220.48510979222894
flet\рисунок82.png,4252.434634219268,13097.24441,33.38381409174283,222.15,219.71194254708502
flet\рисунок83.png,4347.711414119602,18161.51292,42.17885673773535,223.91,219.85679099887116
flet\рисунок84.png,4423.124793887043,16150.77905,44.1520275716347,224.28,220.22843161319298
flet\рисунок85.png,6414.761699800664,7801.28636,24.15756257691486,219.36,218.4928002772485
flet\рисунок86.png,6421.037443986711,3985.81328,25.93689763017703,219.27,217.36887152668515
flet\рисунок87.png,6398.204832790698,3248.29016,25.303640805821587,219.02,216.52126328900815
flet\рисунок88.png,6426.188593953489,7220.24702,44.414030898601,221.85,216.54348059875838
flet\рисунок89.png,5141.900445880398,12889.8216,29.149748213371605,233.06,231.8424471227735
flet\рисунок90.png,5167.532704318937,8815.11859,27.04287606415391,232.44,230.81338357509128
flet\рисунок91.png,5198.833286943522,11423.49484,24.614628375182807,231.2,229.84148651710427
flet\рисунок92.png,5270.881966744186,11535.2741,29.024851827797644,231.61,229.11461990813987
flet\рисунок93.png,10134.071356079732,33247.55121,18.06138518576246,368.63,367.58969106009914
flet\рисунок94.png,10230.494991196014,21210.66093,32.56666611772944,373.2,366.41211783157144
flet\рисунок95.png,10245.832011694352,10674.32043,40.459293761852436,376.25,366.42540040100965
flet\рисунок96.png,10227.836721893687,8005.70567,37.81159360799161,374.36,365.86327075207817
flet\рисунок97.png,8143.830874053157,19885.58299,28.71304561317028,372.57,372.68298658566215
flet\рисунок98.png,8172.898419767442,10016.36709,39.700959397714655,375.93,371.27513596647117
flet\рисунок99.png,8204.773405448506,10952.24987,36.7288627091991,374.16,370.1446574362984
flet\рисунок100.png,8209.207622491696,7120.20254,40.76024681492015,375.36,369.8330713403914
flet\рисунок101.png,8756.897058671097,9714.62356,48.31473171290875,403.3,395.6554973825976
flet\рисунок102.png,8791.95677883721,7281.93796,51.05494503013338,405.19,395.63333928390716
flet\рисунок103.png,8822.883213322259,8350.93222,55.13865527281284,407.79,395.6708955917873
flet\рисунок104.png,8832.258344285712,5064.08384,52.748881772254954,406.62,395.601800125589
flet\рисунок105.png,22745.88192681063,79235.87451,36.985270698837994,327.9,316.0443235008169
flet\рисунок106.png,22867.71277873754,39607.74695,35.84121757510857,324.76,312.5480796872202
flet\рисунок107.png,23009.04398807309,40114.68611,44.96342062085269,333.27,312.18042534159207
flet\рисунок108.png,23086.40802325581,21978.73152,41.08416933307416,328.46,312.9945324295569
flet\рисунок109.png,6003.011909335549,17362.64101,22.31301208192752,387.08,385.2467842526181
flet\рисунок110.png,6163.867046644519,19516.17288,26.787886377382787,385.96,381.501816913991
flet\рисунок111.png,6145.8974710299,10546.14562,34.444540614572084,388.44,379.98428489380177
flet\рисунок112.png,6152.416615980066,7567.69615,36.026470266319436,388.88,379.59879814483986
flet\рисунок113.png,8008.203533388705,7907.03229,36.95343372328979,386.04,383.0533020706897
flet\рисунок114.png,8034.886757508306,8215.45638,39.959383070825176,386.88,382.97286962398874
flet\рисунок115.png,8075.726338538205,7675.16298,42.10622517504142,387.54,384.1718783591759
flet\рисунок116.png,8130.56608358804,10747.14888,36.878322247877534,385.37,384.1951965858241
flet\рисунок117.png,6194.53770551495,4521.01303,36.90725847956203,375.56,369.9505974183235
flet\рисунок118.png,6196.703316179402,6122.58071,34.0407053731681,374.5,369.2952486145524
flet\рисунок119.png,6229.250474950167,6793.13426,42.67177309950447,375.92,369.1088233419633
flet\рисунок120.png,6237.795896777408,5481.16066,41.13344206706372,375.44,369.6761450564736
flet\рисунок121.png,8376.644093787376,12306.54073,28.88072771302198,446.86,445.0583003665969
flet\рисунок122.png,8356.915480797341,3783.2108,29.675004847928417,446.88,443.55420174418236
flet\рисунок123.png,8292.688127641195,5816.74473,29.117953085298875,446.35,442.3631896274843
flet\рисунок124.png,8242.157532757474,5495.33838,27.675222841323414,445.31,441.65915378186844
flet\рисунок125.png,17739.522783554818,36368.51255,24.56483097611955,527.93,523.1309940818838
flet\рисунок126.png,17847.12632322259,27901.25476,28.597356276392265,527.45,514.5361383507529
flet\рисунок127.png,17916.43764086379,24076.15608,29.977769341053843,525.34,509.7897211602867
flet\рисунок128.png,17968.719912790697,18129.54385,34.10801149286512,529.04,507.92162823179126
flet\рисунок129.png,10728.107098671095,8942.21705,39.26787460862855,571.79,561.8444826540435
flet\рисунок130.png,10737.865918737542,8579.1689,38.81992171951325,570.91,561.5896130749759
flet\рисунок131.png,10741.3349989701,9797.36745,35.337388832116346,567.31,561.7916124127117
flet\рисунок132.png,10709.608316910299,7018.03833,44.87594121036805,572.74,563.1825033103827
flet\рисунок133.png,6528.7875630897015,8937.84973,29.55240757526223,554.94,550.7164193672824
flet\рисунок134.png,6578.56625421927,10805.8703,34.60778003035197,556.73,549.7570297984794
flet\рисунок135.png,6626.765854352159,10483.82148,26.875106328100536,550.37,548.0027276958989
flet\рисунок136.png,6751.900966445183,17641.27858,31.7916633299127,549.11,544.9677970424387
flet\рисунок137.png,9324.107755813953,21484.17705,38.01790941526731,596.2,591.2695045357286
flet\рисунок138.png,9379.58802295681,17125.02449,46.281136085278376,601.0,590.6231635593741
flet\рисунок139.png,9398.388012358804,7417.86755,42.93417761223451,598.51,590.5592068634182
flet\рисунок140.png,9391.861733355481,11099.57193,54.27198177048888,605.96,591.4039382188687
flet\рисунок141.png,10850.1285820598,17686.59663,34.39560307194237,588.1,579.9255820812514
flet\рисунок142.png,10912.852809933556,15840.79132,41.164410683353864,592.36,578.2916947494665
flet\рисунок143.png,11007.297664651163,23359.74259,30.16094433227136,579.57,574.4888587348302
flet\рисунок144.png,11128.998093754151,21309.03574,24.35083382284125,569.82,568.5992884894872
flet\рисунок145.png,22712.731699999997,32970.09395,33.03310952741553,1126.4,1110.0278399422348
flet\рисунок146.png,22822.562550863786,20269.54646,38.44977906380496,1141.01,1099.1550889330294
flet\рисунок147.png,23050.736257009965,46764.22151,31.837892248068627,1108.03,1080.4501775425908
flet\рисунок148.png,23597.960861627904,75646.57572,29.796318471909956,1080.08,1056.5399828858299
flet\рисунок149.png,13257.105436478405,44054.35208,21.091270537982194,1510.58,1517.797632766336
flet\рисунок150.png,13424.186351893686,21417.83789,30.902194469022643,1529.1,1504.021484958612
flet\рисунок151.png,13540.064156378738,24135.83508,45.20844687590396,1562.71,1503.9859931554624
flet\рисунок152.png,13564.2683930897,13424.6543,46.33783885451873,1565.65,1505.0699770495787
flet\рисунок153.png,15187.088064252492,123946.05805,22.973575347634696,1426.6,1447.8887501109864
flet\рисунок154.png,15576.088450166115,53123.35367,36.39875207014413,1482.0,1433.670310981996
flet\рисунок155.png,15771.888478870433,43848.72091,40.2388530815717,1504.57,1423.3793351728514
flet\рисунок156.png,15937.08002292359,46633.59729,37.30626396581458,1479.16,1409.5529704375197
flet\рисунок157.png,6465.583095083057,10919.91786,30.602612762963272,1588.19,1557.294532190393
flet\рисунок158.png,6492.350983189369,7814.16677,35.48842063777881,1596.64,1560.1144543326616
flet\рисунок159.png,6536.124027076411,12433.22821,39.66782790585511,1597.72,1565.1615882787046
flet\рисунок160.png,6561.483053887043,5757.44202,35.340961906164424,1583.67,1568.3224804466267
flet\рисунок161.png,8918.15636229236,30442.12049,39.180050560852365,2179.39,2104.0658933348914
flet\рисунок162.png,9101.466348405314,30338.52854,36.26625443600805,2150.83,2087.087755183458
flet\рисунок163.png,9204.124306179401,16913.50912,40.50394352888822,2173.34,2081.1361868565773
flet\рисунок164.png,9276.183587408637,13116.18658,41.13117038516646,2176.05,2076.1644346664402
flet\рисунок165.png,24286.445017009966,47733.59265,39.58707151580871,1968.56,1877.2805153183176
flet\рисунок166.png,24418.434592657806,45127.72006,40.55734149334485,1966.4,1862.157755438266
flet\рисунок167.png,24516.2891441196,37233.1023,42.73180494002196,1977.18,1854.9600115518813
flet\рисунок168.png,24581.217753023255,27824.39739,42.076698076662225,1959.96,1841.6101035573522
flet\рисунок169.png,5629.4344813621265,4594.8166,26.73796065968375,3098.01,3080.8258895100685
flet\рисунок170.png,5650.323761196013,6801.72397,38.95447683180676,3123.58,3069.253852508462
flet\рисунок171.png,5660.010797973422,4804.84593,39.72152263233924,3124.46,3064.9329408957365
flet\рисунок172.png,5677.63353295681,3308.64627,39.81539652816889,3120.82,3062.2525520690974
flet\рисунок173.png,7212.219289700995,11787.4759,41.76148840624486,2823.18,2749.248198255761
flet\рисунок174.png,7285.697930232558,13103.8573,35.02201490927638,2757.79,2729.431545138517
flet\рисунок175.png,7360.170037209304,13399.2928,37.10759506782312,2753.6,2705.3055137511583
flet\рисунок176.png,7358.079089036545,9855.5413,34.57401482181704,2728.46,2691.6469654033217
flet\рисунок177.png,4206.401508637873,5920.5923,32.5797853380424,3721.13,3693.55536584373
flet\рисунок178.png,4199.030531893688,4300.9676,40.70659836140083,3741.34,3683.390554002626
flet\рисунок179.png,4204.0084983388715,9066.6488,55.383063062135875,3795.69,3683.367640739325
flet\рисунок180.png,4213.484528571429,4824.1627,58.09961930876805,3808.01,3683.580959115067
flet\рисунок181.png,4166.666675647841,15480.5238,33.582321186016756,4600.12,4534.523911840601
flet\рисунок182.png,4194.486240431894,5123.0201,36.60041973153512,4608.95,4515.229967867932
flet\рисунок183.png,4222.568081295681,4351.3525,40.69907170114341,4627.79,4515.579634042097
flet\рисунок184.png,4253.451230465116,4993.8348,39.665215660595635,4612.2,4514.975369130063
flet\рисунок185.png,4158.070533887044,11632.0817,44.37729732612934,4250.35,4171.267439285386
flet\рисунок186.png,4199.974161461794,4978.1136,46.31527733997032,4263.94,4167.989909889527
flet\рисунок187.png,4242.154750498339,7444.6751,50.61522074000423,4292.43,4167.946207594014
flet\рисунок188.png,4285.832681727575,5768.6858,47.81269308625512,4274.27,4168.367088935411
flet\рисунок189.png,5571.31346345515,12065.61,18.16417939372603,4101.76,4040.969330864296
flet\рисунок190.png,5623.410073754153,12847.0236,15.999261493496423,4059.07,3979.4248583875806
flet\рисунок191.png,5639.037037873754,6662.5631,20.329649020789535,4071.35,3934.6995704882675
flet\рисунок192.png,5689.426843853821,16015.0378,18.342877419871648,4040.39,3904.6296589363346
flet\рисунок193.png,6910.545765448504,33061.8496,32.66745533132565,3812.0,3732.3164153475614
flet\рисунок194.png,7045.476018272426,31911.1727,41.69020960684455,3911.78,3710.042912440105
flet\рисунок195.png,7121.6751465116295,18540.5576,36.86246625514381,3831.7,3686.8251963430403
flet\рисунок196.png,7178.388753156147,13442.591,41.06113874398957,3868.82,3678.27028333848
flet\рисунок197.png,5810.92905129568,12794.8766,32.31468594828734,2568.15,2501.233617649248
flet\рисунок198.png,5882.675921063123,10740.2929,35.82378962417604,2583.35,2491.7369954619912
flet\рисунок199.png,5917.709289501662,8302.8161,38.49890224141565,2591.58,2493.4182200109835
flet\рисунок200.png,5962.292744983389,7766.1548,37.89691307900423,2586.55,2489.651164374183
flet\рисунок201.png,4526.544573421927,3846.4793,37.66703915542002,3241.3,3217.31437342032
flet\рисунок202.png,4527.111494019934,4783.9222,44.3045873368653,3254.77,3214.3929137011824
flet\рисунок203.png,4539.629151162791,3151.2453,44.11784133672028,3254.17,3212.7423527590486
flet\рисунок204.png,4528.37843820598,3070.7821,46.880971445246665,3257.7,3211.6822212688744
flet\рисунок205.png,23432.440809800668,82637.69955,33.9940059505249,1113.46,1089.6779961070592
flet\рисунок206.png,23728.616125415283,38461.207,37.18553950352885,1123.38,1080.9214402165208
flet\рисунок207.png,24011.153346013285,45295.8123,48.696929607290734,1163.67,1082.8360451895805
flet\рисунок208.png,24231.882113455144,48343.6361,49.97225566054075,1168.96,1083.0406499800117
flet\рисунок209.png,3700.4209601328903,5983.865,36.12257804025699,2211.21,2202.2518375780883
flet\рисунок210.png,3674.441351162791,4532.761,34.31300321573884,2208.07,2200.052197446623
flet\рисунок211.png,3687.755069435216,14303.1295,25.005151735414078,2188.4,2194.452533465684
flet\рисунок212.png,3765.5477312292364,14587.2509,27.08185356860796,2176.48,2178.7194388834737
flet\рисунок213.png,2704.550689036545,5045.4767,36.01404001017602,2149.11,2150.701425941028
flet\рисунок214.png,2783.772907973422,17577.7334,32.84937696932823,2134.61,2136.320643288035
flet\рисунок215.png,2769.9183807308973,5597.8982,41.70385738610984,2147.55,2130.5035777182106
flet\рисунок216.png,2759.87166179402,3428.5781,35.898994817134664,2133.42,2124.219216075058
flet\рисунок217.png,3451.7462385382055,4503.6238,27.00376639918895,2198.79,2193.872192227897
flet\рисунок218.png,3457.2718388704316,2862.7138,39.43291900888128,2210.12,2190.464764612366
flet\рисунок219.png,3463.910448504983,2565.9225,45.45728885943566,2216.35,2190.4432921784537
flet\рисунок220.png,3463.5634142857143,2379.9546,42.11533882941943,2211.7,2191.2317907163156
flet\рисунок221.png,4114.482214950166,37567.972,32.17880832910596,2248.55,2204.0054020158004
flet\рисунок222.png,4220.959521262458,15110.8058,28.491318531922776,2222.02,2177.622462101635
flet\рисунок223.png,4289.86759435216,13605.2528,29.128353265910594,2223.79,2157.549365733824
flet\рисунок224.png,4360.7313933554815,17263.3205,25.187957553443262,2197.02,2138.002485793224
flet\рисунок225.png,3335.8465009966776,12141.8764,17.154124274422998,2225.63,2217.164229603708
flet\рисунок226.png,3391.60039269103,10154.0605,23.56771855628401,2229.49,2200.0343314869006
flet\рисунок227.png,3425.06032923588,5386.2872,27.648923043592323,2231.67,2186.5003557993214
flet\рисунок228.png,3460.663866112957,8037.3537,24.187041312075653,2215.93,2176.670743532501
flet\рисунок229.png,7659.825115282391,37165.8782,25.63272182051188,3382.01,3376.9920284373475
flet\рисунок230.png,7810.770792358804,26214.0974,37.27015451631237,3460.59,3342.8880594891616
flet\рисунок231.png,7973.19173820598,20690.9849,45.04062978133238,3525.73,3343.45956532546
flet\рисунок232.png,8042.259514950167,9705.7656,43.049715717542895,3505.45,3340.88066906264
flet\рисунок233.png,4458.10489833887,3348.6085,46.1216536803562,3870.01,3829.02469929246
flet\рисунок234.png,4409.217710963455,4842.5681,50.50193331421525,3881.2,3828.6399494533325
flet\рисунок235.png,4380.098264451827,4814.6266,37.0049808883189,3838.98,3823.3922356628746
flet\рисунок236.png,4452.923008637874,9793.5491,35.36066194497351,3830.02,3813.8893471960423
flet\рисунок237.png,7895.103708637874,13607.4191,38.7974307245457,3109.96,3069.7445858472856
flet\рисунок238.png,7919.335683056478,7701.2261,45.20702217195969,3143.08,3062.7936753566064
flet\рисунок239.png,7939.553031893688,5968.6666,44.91788538045298,3141.18,3059.2076477662035
flet\рисунок240.png,7995.710685714285,13428.6296,53.32905378529178,3184.03,3059.5288615474824
flet\рисунок241.png,6163.17071063123,48660.9372,17.600662210775653,2911.55,2922.794167120671
flet\рисунок242.png,6383.528728903655,37469.2071,17.05562918506996,2864.2,2847.808977853212
flet\рисунок243.png,6446.391431561462,15464.5158,32.99083412065203,2950.61,2805.109102910999
flet\рисунок244.png,6539.216584717608,16066.7413,34.45066872436498,2937.01,2773.252347188555
flet\рисунок245.png,3934.233067774086,16579.1865,21.479883970355747,2920.99,2901.843618850634
flet\рисунок246.png,4208.2610136212625,67455.1434,19.356653214247153,2898.17,2868.1238364932633
flet\рисунок247.png,4324.9791438538205,20130.9385,16.586526063187197,2866.0,2832.424988322252
flet\рисунок248.png,4412.863320598007,10808.3848,26.36800345636311,2878.67,2808.9574676318903
flet\рисунок249.png,3663.916019269103,8928.3187,18.454181034847473,3215.24,3215.595651161917
flet\рисунок250.png,3721.228821594684,15547.6548,14.760152544531149,3176.31,3178.624524156924
flet\рисунок251.png,3759.732693687708,6847.5956,20.69669214192435,3184.31,3147.2823176811703
flet\рисунок252.png,3772.5749514950166,3741.8104,23.023247039171867,3177.61,3122.5946440885523
flet\рисунок253.png,6129.392920930233,74856.0459,14.218628026033405,2319.25,2309.493264515107
flet\рисунок254.png,6601.998512624585,74185.3401,16.465840913031716,2284.53,2212.384955186337
flet\рисунок255.png,6872.992235548174,38725.8896,28.056106049386976,2334.61,2151.011950570174
flet\рисунок256.png,7070.367098671097,27576.9562,28.869758504101505,2315.8,2113.003011163977
flet\рисунок257.png,4740.392274086379,17020.2544,28.08859204996445,3698.36,3680.3106146827545
flet\рисунок258.png,5054.2740893687715,68582.5634,36.8201754081838,3708.56,3653.173110579327
flet\рисунок259.png,5108.252454152824,12500.4852,40.22356415331403,3714.19,3638.5094623607024
flet\рисунок260.png,5130.767680730896,7585.282,41.40573505110965,3719.0,3638.2267533211984
flet\рисунок261.png,9149.912263787377,14192.3289,30.716220783307378,3186.73,3161.4975478742435
flet\рисунок262.png,9268.779113289036,32210.1316,28.586269098149558,3164.27,3128.0720343748308
flet\рисунок263.png,9531.886153820597,26397.792,23.780412622525287,3104.56,3078.2198567945643
flet\рисунок264.png,9700.112830232556,29468.5876,44.86213710423848,3219.0,3074.99909604493
flet\рисунок265.png,3998.8108,23812.4277,36.041680440942834,3049.61,3016.014724733277
flet\рисунок266.png,4057.499828239202,10805.1741,38.36223787121863,3049.0,3021.508928696228
flet\рисунок267.png,4122.650986046512,12692.1922,32.989273485086414,3024.46,3023.194189219148
flet\рисунок268.png,3964.6773352159476,9715.4938,32.472824382644625,3009.91,3014.3730562510773
flet\рисунок269.png,6238.288685049834,13608.5694,40.27026730040714,3226.0,3178.3993917224707
flet\рисунок270.png,6300.513621926911,11596.1264,31.817916362572713,3181.27,3161.7851301567343
flet\рисунок271.png,6382.011386378738,18707.3428,32.45120614043454,3174.7,3148.428831282895
flet\рисунок272.png,6419.027750830565,12363.9687,30.04902372585804,3160.6,3136.279716339642
flet\рисунок273.png,3656.770860797342,17663.4414,14.882573988225529,3095.0,3109.1945958697056
flet\рисунок274.png,3696.3457089700996,8414.4954,13.608573584978542,3084.02,3084.9651364050974
flet\рисунок275.png,3892.7458644518274,24210.0097,31.27248720421145,3077.7,3051.4172299708944
flet\рисунок276.png,3921.4736019933553,10508.7503,29.572067760821085,3067.01,3036.0210943585657
flet\рисунок277.png,697.3194110697675,1088.206309,23.21594920875841,52712.72,52027.44917378282
flet\рисунок278.png,698.9960826079734,786.402939,27.927305318978103,52891.25,51921.92088702097
flet\рисунок279.png,704.7658954817275,1555.84769,32.475275475210765,52732.39,51823.47821509629
flet\рисунок280.png,294.4530362790698,774.55279,24.6497049478336,36554.72,36424.78997315165
flet\рисунок281.png,306.8927281063123,1049.55068,49.69278188849427,36985.54,36434.66961404495
flet\рисунок282.png,308.32455006644517,398.97537,47.95504336221015,36946.01,36434.20939346979
flet\рисунок283.png,452.2831953156146,551.34147,32.882526535385956,50988.0,50725.447265752024
flet\рисунок284.png,450.8092600664451,312.52589,33.806113652859,50984.56,50649.40300352113
flet\рисунок285.png,449.251721627907,361.91405,29.908896627388266,50825.97,50551.400829764796
flet\рисунок286.png,697.3194110697675,1088.206309,23.21594920875841,52712.72,52027.44917378282
flet\рисунок287.png,698.9960826079734,786.402939,27.927305318978103,52891.25,51921.92088702097
flet\рисунок288.png,704.7658954817275,1555.84769,32.475275475210765,52732.39,51823.47821509629
flet\рисунок289.png,294.4530362790698,774.55279,24.6497049478336,36554.72,36424.78997315165
flet\рисунок290.png,306.8927281063123,1049.55068,49.69278188849427,36985.54,36434.66961404495
flet\рисунок291.png,308.32455006644517,398.97537,47.95504336221015,36946.01,36434.20939346979
flet\рисунок292.png,452.2831953156146,551.34147,32.882526535385956,50988.0,50725.447265752024
flet\рисунок293.png,450.8092600664451,312.52589,33.806113652859,50984.56,50649.40300352113
flet\рисунок294.png,449.251721627907,361.91405,29.908896627388266,50825.97,50551.400829764796
flet\рисунок295.png,697.3194110697675,1088.206309,23.21594920875841,52712.72,52027.44917378282
flet\рисунок296.png,698.9960826079734,786.402939,27.927305318978103,52891.25,51921.92088702097
flet\рисунок297.png,704.7658954817275,1555.84769,32.475275475210765,52732.39,51823.47821509629
flet\рисунок298.png,294.4530362790698,774.55279,24.6497049478336,36554.72,36424.78997315165
flet\рисунок299.png,306.8927281063123,1049.55068,49.69278188849427,36985.54,36434.66961404495
flet\рисунок300.png,308.32455006644517,398.97537,47.95504336221015,36946.01,36434.20939346979
flet\рисунок301.png,452.2831953156146,551.34147,32.882526535385956,50988.0,50725.447265752024
flet\рисунок302.png,450.8092600664451,312.52589,33.806113652859,50984.56,50649.40300352113
flet\рисунок303.png,449.251721627907,361.91405,29.908896627388266,50825.97,50551.400829764796
flet\рисунок304.png,697.3194110697675,1088.206309,23.21594920875841,52712.72,52027.44917378282
flet\рисунок305.png,698.9960826079734,786.402939,27.927305318978103,52891.25,51921.92088702097
flet\рисунок306.png,704.7658954817275,1555.84769,32.475275475210765,52732.39,51823.47821509629
flet\рисунок307.png,294.4530362790698,774.55279,24.6497049478336,36554.72,36424.78997315165
flet\рисунок308.png,306.8927281063123,1049.55068,49.69278188849427,36985.54,36434.66961404495
flet\рисунок309.png,308.32455006644517,398.97537,47.95504336221015,36946.01,36434.20939346979
flet\рисунок310.png,452.2831953156146,551.34147,32.882526535385956,50988.0,50725.447265752024
flet\рисунок311.png,450.8092600664451,312.52589,33.806113652859,50984.56,50649.40300352113
flet\рисунок312.png,449.251721627907,361.91405,29.908896627388266,50825.97,50551.400829764796
flet\рисунок313.png,408.51119492358805,482.873839,36.81246379955988,8264.98,8263.536581903965
flet\рисунок314.png,409.7368125083056,451.167205,37.19441370425752,8257.24,8244.631299587456
flet\рисунок315.png,418.1194561627907,2077.608761,63.41034040101013,8386.28,8238.942732790545
flet\рисунок316.png,613.7487608438539,2600.664151,29.56360892804659,9626.48,9606.78570504769
flet\рисунок317.png,618.0065695913621,873.828263,33.91744100491063,9638.0,9586.786891621676
flet\рисунок318.png,618.0026823588039,532.894452,33.489748035353394,9633.89,9567.232530834017
flet\рисунок319.png,1129.8813847840534,6017.540957,14.78069892645447,5750.17,5944.823450979969
flet\рисунок320.png,1155.8125384916943,4667.846926,31.364488130193696,6183.58,5718.517977536091
flet\рисунок321.png,1179.078419757475,4047.003605,28.362958844976266,5984.54,5521.1524185811695
flet\рисунок322.png,1314.802646345515,2705.725773,21.987051307276406,8726.65,8538.895369890704
flet\рисунок323.png,1330.1792299568106,3324.061317,22.860654431101356,8712.01,8381.611007756028
flet\рисунок324.png,1328.9831287740865,1293.138975,22.76042504864271,8680.0,8256.653157092582
flet\рисунок325.png,832.8625364850498,2038.337726,29.36145497315546,9075.74,9046.715201515599
flet\рисунок326.png,837.9557423421926,1443.355412,31.61775983123256,9084.38,8994.586667980631
flet\рисунок327.png,840.7402441362127,954.812801,35.23929919515306,9098.4,8957.593984047844
flet\рисунок328.png,431.8729678637874,2973.869787,21.08231537177415,8969.05,8985.371575561245
flet\рисунок329.png,437.77470583056487,1427.681786,35.19742534858341,9046.94,8963.916551821463
flet\рисунок330.png,444.1330225813954,1517.201814,40.72927277596202,9082.77,8959.345821857134
flet\рисунок331.png,516.6074653355481,729.306555,29.759262305032287,8970.0,8951.908815837514
flet\рисунок332.png,517.6994193355482,400.84842,31.884419587904322,8967.6,8926.458226030145
flet\рисунок333.png,516.9634638903655,297.832875,30.300719407670467,8951.0,8906.774032758702
flet\рисунок334.png,450.2043632823921,741.100509,35.05750539935739,9139.81,9123.476956984066
flet\рисунок335.png,451.515729,650.247733,28.94433895824246,9111.34,9104.879876591474
flet\рисунок336.png,453.75220199003314,944.262214,25.123340934256337,9070.0,9081.121601045796
flet\рисунок337.png,672.4380830431893,1155.293967,34.61529350322737,11480.79,11450.384975978033
flet\рисунок338.png,687.09682630897,2061.205257,36.51326626817163,11433.98,11386.320192954496
flet\рисунок339.png,692.2482018438537,1163.488774,37.55874648371039,11425.08,11355.863690724114
flet\рисунок340.png,471.6439017308971,684.438626,34.89419155517409,11392.46,11337.725501650042
flet\рисунок341.png,474.43674103322263,869.889804,33.22743134028924,11366.98,11307.077722140808
flet\рисунок342.png,476.81256307308973,646.119533,41.329996398765644,11419.41,11299.289406380949
flet\рисунок343.png,1042.1005184219268,1269.906211,43.82284720702334,10250.08,10181.96102095226
flet\рисунок344.png,1050.1775119833887,1960.234857,50.21482372023179,10360.55,10182.202126211718
flet\рисунок345.png,1053.6055584684384,1376.367959,55.825778731235154,10472.65,10181.704943852721
flet\рисунок346.png,738.9051718770764,1418.922534,36.81980970009944,13131.84,12928.464706250352
flet\рисунок347.png,745.705129936877,1571.398122,44.483858251268934,13230.85,12955.929933052168
flet\рисунок348.png,752.670298820598,1357.732896,41.97389288452852,13189.82,12988.60510306264
flet\рисунок349.png,1243.654253561462,4800.594079,15.562942571499777,14630.0,14760.980006610016
flet\рисунок350.png,1262.9132786378739,5398.351532,15.94162946310766,14594.98,14587.982210866812
flet\рисунок351.png,1249.2317634186045,2129.245992,32.85237096116685,14779.82,14515.504125428386
flet\рисунок352.png,1176.725182152824,2774.147512,22.330093954229575,16751.67,16741.868359386972
flet\рисунок353.png,1184.9733088106311,1737.770897,35.13228631815723,17060.77,16598.33299858769
flet\рисунок354.png,1195.6831671029902,2455.143524,38.165157939212605,17118.93,16538.85513387635
flet\рисунок355.png,541.2978100797342,2660.410101,31.628014870321948,17852.71,17846.024508735292
flet\рисунок356.png,549.9113589401993,1419.11082,42.58932722014936,18003.75,17821.40940001016
flet\рисунок357.png,555.4721706877076,1065.209037,44.4473448025123,18022.94,17815.820399367563
flet\рисунок358.png,915.0717236345514,1806.680983,30.83088513224974,22307.5,21841.53345380323
flet\рисунок359.png,919.5852385946844,962.405801,42.82562956424328,22695.72,21831.644740372027
flet\рисунок360.png,915.7598738803987,44.776557,42.6925996036577,22681.32,21895.444507632725
flet\рисунок361.png,1205.6398733986712,3518.96011,33.413382929952924,29933.3,29155.495275265686
flet\рисунок362.png,1214.3112873887044,1378.348882,37.55289830201751,30254.26,28996.77260144645
flet\рисунок363.png,1225.1787038239202,1994.82374,45.524255733195226,30900.0,29079.154701016185
flet\рисунок364.png,922.5922740033222,1780.963576,41.817257125194914,32475.34,31402.308205501515
flet\рисунок365.png,927.9029563887043,1079.473514,44.26174338286386,32628.85,31668.344268703127
flet\рисунок366.png,929.7124628604652,1089.164969,39.977220518873914,32304.44,31762.63015614303
flet\рисунок367.png,931.7826434651164,1074.878757,32.73395937216301,43334.35,43033.89516673544
flet\рисунок368.png,926.8987455448504,601.539118,37.60161738254827,43514.78,42975.84254573493
flet\рисунок369.png,926.6587567176078,782.85372,38.665905771833295,43544.92,42986.79346334883
flet\рисунок370.png,819.6960178604652,1748.578124,29.591301880285954,56078.22,55412.91999460317
flet\рисунок371.png,821.6439343853822,1113.908268,35.08461144671539,56355.14,55126.37891585029
flet\рисунок372.png,823.8112629966778,822.464494,33.80826914510977,56133.98,55014.16518614198
flet\рисунок373.png,564.5668060730898,802.670885,32.61634143992849,56294.99,56075.895632678956
flet\рисунок374.png,561.5538218604651,358.917874,30.206297058433705,56134.34,55885.450337844624
flet\рисунок375.png,562.3239717674419,586.71843,34.740856457127045,56189.52,55707.711929472585
flet\рисунок376.png,697.3194110697675,1088.206309,23.21594920875841,52712.72,52027.44917378282
flet\рисунок377.png,698.9960826079734,786.402939,27.927305318978103,52891.25,51921.92088702097
flet\рисунок378.png,704.7658954817275,1555.84769,32.475275475210765,52732.39,51823.47821509629
flet\рисунок379.png,494.90109147176076,964.425651,26.77668919616011,56600.0,56625.827507170034
flet\рисунок380.png,500.88807563122924,722.241783,37.07223736421881,56977.76,56544.33407411685
flet\рисунок381.png,501.934887345515,677.861423,36.46968231448219,56933.46,56502.95514790004
flet\рисунок382.png,953.5907655116279,790.314271,34.49640339124414,47944.97,47248.995899166475
flet\рисунок383.png,960.3702026013289,1705.539632,46.69838247034189,48689.03,47205.93216139842
flet\рисунок384.png,963.9938449401994,1298.036941,52.05500837486553,49056.55,47213.853157956015
flet\рисунок385.png,575.9871985481727,1120.882913,26.01705097479274,53799.33,53903.608876355785
flet\рисунок386.png,583.1176540465116,1005.188792,31.850331062918748,54020.21,53600.78339426218
flet\рисунок387.png,590.0761710996678,1642.070908,33.73681136754054,53849.23,53258.7559158864
flet\рисунок388.png,1883.2984336378738,10115.500074,46.92610074180244,37406.48,33850.63311665369
flet\рисунок389.png,1933.832897122924,8237.248776,39.13505788488956,35086.0,33306.875638303056
flet\рисунок390.png,1959.9574523887043,4412.765607,40.53953778336729,35307.65,32926.891995794074
flet\рисунок391.png,509.7959608538206,950.313911,26.797457900051768,47088.8,46772.89490213957
flet\рисунок392.png,509.2949658239203,539.98419,23.902926297564385,46855.59,46557.175831068635
flet\рисунок393.png,511.1433936544851,1069.51083,28.06389935102172,46887.98,46427.69943949468
flet\рисунок394.png,646.1231962225914,4096.06799,25.20084500353013,46656.07,46173.77740259053
flet\рисунок395.png,662.6645771860465,2102.82006,29.0652344133864,46973.86,45540.08724591711
flet\рисунок396.png,672.0442388139536,1854.66701,34.434765535585406,47425.0,45188.81108687968
flet\рисунок397.png,444.09612372093017,1036.55707,31.381617904495073,59221.96,58836.727446490775
flet\рисунок398.png,449.8926176079735,1008.37434,26.454413031294916,58704.25,58414.58168159469
flet\рисунок399.png,453.6212241860465,721.73677,31.50393959607292,58920.97,58167.419322412694
flet\рисунок400.png,6080.8952714285715,7462.06458,43.03653387460751,16917.96,16404.373986593288
flet\рисунок401.png,6087.961717441862,4576.48583,39.87387570440483,16784.64,16424.948865660666
flet\рисунок402.png,6101.1655482392025,4430.62092,39.01420249321018,16743.54,16510.245865919467
flet\рисунок403.png,320.82762411960135,553.68702,29.671730302632955,35433.92,35238.71211563634
flet\рисунок404.png,323.034316910299,593.06705,31.97493674572634,35399.87,35107.61830465374
flet\рисунок405.png,323.6652710299003,322.93633,30.139478534700974,35316.01,34985.84401925798
flet\рисунок406.png,494.4681758139535,766.89131,29.96663860333027,35921.01,35780.158603883996
flet\рисунок407.png,497.58994857142864,690.81139,31.7118335655323,35879.64,35692.26718191881
flet\рисунок408.png,498.5619362126247,490.31027,36.376360386545414,35955.01,35641.27498049318
flet\рисунок409.png,294.4530362790698,774.55279,24.6497049478336,36554.72,36424.78997315165
flet\рисунок410.png,306.8927281063123,1049.55068,49.69278188849427,36985.54,36434.66961404495
flet\рисунок411.png,308.32455006644517,398.97537,47.95504336221015,36946.01,36434.20939346979
flet\рисунок412.png,278.3965776079734,711.93074,32.16004213901586,37080.0,37033.20682117021
flet\рисунок413.png,280.0443307973422,418.16567,34.03595987709405,37071.13,36977.20745040324
flet\рисунок414.png,281.03841126245845,400.4496,31.87893187799837,36991.22,36905.534620309496
flet\рисунок415.png,342.22098750830565,1042.80151,30.184365811215624,42203.67,41777.842317851304
flet\рисунок416.png,346.34667664451825,1121.748,35.670095513533866,42401.01,41610.064702092524
flet\рисунок417.png,349.12076172757475,649.03283,32.12439200029324,42164.46,41454.949517093584
flet\рисунок418.png,258.47376641196007,607.74327,30.404112736189337,43083.63,42945.84261690394
flet\рисунок419.png,258.7212526578073,237.2755,35.498585302406035,43146.01,42879.67432465131
flet\рисунок420.png,259.21006179401996,380.5844,31.487652666218118,43014.52,42805.22580016596
flet\рисунок421.png,269.6762829568106,728.17258,38.423912580411205,42620.83,42483.0067396334
flet\рисунок422.png,272.4254746843854,258.34897,37.24260666719172,42582.41,42471.58320260804
flet\рисунок423.png,273.7491035548173,282.21068,47.39369949811683,42729.62,42467.94866611971
flet\рисунок424.png,402.06804325581396,716.16575,27.091044861050477,41806.43,41597.24236749924
flet\рисунок425.png,401.25363332225913,338.55021,31.389446334922972,41877.27,41474.72488795881
flet\рисунок426.png,402.228056345515,473.41964,40.831146271356936,42054.54,41441.88875983375
flet\рисунок427.png,496.35728421926916,2798.6148,31.63979771607812,42789.38,42122.39340912379
flet\рисунок428.png,504.2394323920266,1679.4159,29.312112208875174,42468.28,41639.55002337926
flet\рисунок429.png,510.1131704318937,1155.51903,30.485292421602477,42529.4,41285.06630336583
flet\рисунок430.png,321.1417826578073,1242.42547,23.450853504316633,38961.39,38927.24753226837
flet\рисунок431.png,327.7700125913622,1325.39027,32.82008344323794,39118.04,38767.22385380192
flet\рисунок432.png,330.19092009966784,454.0597,28.345445792219166,38917.28,38638.78248874005
flet\рисунок433.png,452.2831953156146,551.34147,32.882526535385956,50988.0,50725.447265752024
flet\рисунок434.png,450.8092600664451,312.52589,33.806113652859,50984.56,50649.40300352113
flet\рисунок435.png,449.251721627907,361.91405,29.908896627388266,50825.97,50551.400829764796
flet\рисунок436.png,465.8379080465117,656.61392,25.02417931578112,67815.33,67814.5624010471
flet\рисунок437.png,467.792039973422,564.48207,46.51591697250061,68518.3,67824.4814237489
flet\рисунок438.png,467.3745503388705,248.25246,43.245136271624986,68362.01,67842.93062326455
flet\рисунок439.png,667.4815381727574,1451.47077,38.47140946016023,63018.97,62436.43641787933
flet\рисунок440.png,674.8233858803986,1581.10846,42.78289545397122,63317.78,62428.421522333054
flet\рисунок441.png,679.7144646511628,1154.3099,49.39630504707353,63776.31,62442.9342188384
flet\рисунок442.png,379.5361909966777,1166.76675,50.47123248559632,65876.0,64888.97916027999
flet\рисунок443.png,388.9237828239203,1169.08357,47.29876438735176,65702.31,64896.202216214995
flet\рисунок444.png,393.3050342857143,556.65994,49.39081059223342,65828.58,64931.26612697848
flet\рисунок445.png,356.82068651162797,566.63173,30.163295112298243,69011.94,68789.29073315865
flet\рисунок446.png,358.3979146843854,532.0622,33.41744216613799,69045.38,68556.09816317471
flet\рисунок447.png,361.30722637873754,582.31999,31.180231609310482,68790.25,68323.93800778616
flet\рисунок448.png,417.1165585714286,3852.43142,12.719042122208737,57019.97,57073.71218132119
flet\рисунок449.png,426.8162694684386,1387.43717,20.136759787742342,57169.69,56456.76676156667
flet\рисунок450.png,433.23441252491693,942.55196,26.69088736557623,57422.31,56143.79672629171
flet\рисунок451.png,453.1956211295681,672.31155,19.880429388876863,67825.8,67875.61216862098
flet\рисунок452.png,456.2058330564784,725.28248,31.274375733896733,68128.37,67502.81420620962
flet\рисунок453.png,458.3384889700996,459.91359,32.81642779385724,68155.98,67304.32632739913
flet\рисунок454.png,267.1697603986711,337.14779,44.779621547576845,67555.18,67231.26121783127
flet\рисунок455.png,267.4601534883721,141.86863,47.25104803945221,67619.99,67215.47236495951
flet\рисунок456.png,268.453567641196,341.45967,47.49096495217696,67611.12,67202.81940936984
flet\рисунок457.png,181.2562081727575,265.76841,30.817563559798337,67095.58,67007.66645573136
flet\рисунок458.png,183.77734023255817,656.39665,34.57537857666243,67109.0,66913.4376492939
flet\рисунок459.png,185.7679022923588,439.6123,33.7367860874747,66998.66,66803.4516416248
flet\рисунок460.png,441.3378855813953,1291.28901,26.100101998625963,54443.99,53742.65132603462
flet\рисунок461.png,445.7832510631229,740.43449,28.1433593843743,54392.01,53379.047196147636
flet\рисунок462.png,449.8138110631229,636.79227,33.23055120224794,54504.04,53295.716218023146
flet\рисунок463.png,272.76918883720924,571.16774,28.906643392026147,64478.0,64418.52573876816
flet\рисунок464.png,276.006410730897,776.35007,25.646385103289855,64217.98,64131.43082776893
flet\рисунок465.png,279.0026204651163,667.29061,27.883195487385663,64208.01,63884.77756611883
flet\рисунок466.png,413.3445701328904,2125.64835,27.028539074039404,54432.65,54090.195664838604
flet\рисунок467.png,425.5898961129568,1982.67727,27.538335912871887,54124.0,53167.84071473909
flet\рисунок468.png,435.4802725581395,1687.24879,35.05611148818012,54697.98,52590.31909468029
flet\рисунок469.png,374.9966500332226,368.05612,32.770947928188974,53624.01,53369.93001538239
flet\рисунок470.png,379.7124375747509,1360.50317,33.31267159135912,53534.28,53326.3574011039
flet\рисунок471.png,381.0232384717608,442.43347,35.05936579105664,53469.24,53287.585132337226
flet\рисунок472.png,221.41371754152826,670.53838,23.908839054916864,59242.0,59183.21651226968
flet\рисунок473.png,222.06133232558142,330.0686,31.29005550371949,59420.26,59010.565101397835
flet\рисунок474.png,222.24317634551494,313.73157,39.41413691258393,59686.01,58913.674937234406
flet\рисунок475.png,272.2244889700997,282.3862,37.28205539385134,65760.01,65561.83058788233
flet\рисунок476.png,274.99899053156145,1153.50757,33.10618712017794,65535.48,65399.10522024735
flet\рисунок477.png,276.4245429568107,273.12154,42.19709696764103,65810.63,65321.13923672197
flet\рисунок478.png,281.4995957142857,512.4824,29.4430954095804,67734.0,67662.10594972158
flet\рисунок479.png,282.10030993355485,475.18298,30.82193121455998,67692.05,67510.09047575467
flet\рисунок480.png,283.9482018604651,693.65501,58.419452249030634,68454.55,67509.82527976712
flet\рисунок481.png,418.0046881594684,447.25766,41.62036554619514,96514.98,96014.67636602132
flet\рисунок482.png,414.3329480265781,382.27139,40.03429440328984,96404.0,95959.4895174193
flet\рисунок483.png,411.74419460465117,349.4919,33.280103981304535,95860.74,95730.06891371586
flet\рисунок484.png,414.7932959136212,812.75153,39.310491595122855,92172.0,91560.04942889557
flet\рисунок485.png,419.470863255814,892.70624,43.738966584115154,92456.63,91520.95795204735
flet\рисунок486.png,422.67965398671106,720.82235,41.70716753694072,92275.99,91486.05972802894
flet\рисунок487.png,633.6091854883721,1491.08867,34.27545873672301,96296.02,95293.00383917478
flet\рисунок488.png,638.2822408704319,853.88047,36.90611102754245,96383.74,95042.11589745457
flet\рисунок489.png,642.3912808704318,1114.39693,39.38923871931702,96656.0,94875.42707691244
flet\рисунок490.png,540.4275356013289,1707.2465,23.902556467099835,92567.99,91914.10291035981
flet\рисунок491.png,547.7504986578073,944.46796,38.867999402266015,93777.1,92011.81193611465
flet\рисунок492.png,552.7467051362125,684.20203,42.57803849944967,94109.61,92356.68439055693
flet\рисунок493.png,337.6694210963455,511.41726,36.364856204210625,92440.96,92199.91434862756
flet\рисунок494.png,338.9807203322259,467.76736,45.97644244289276,92863.8,92039.4624053632
flet\рисунок495.png,341.4273161461794,535.39142,55.79969488068925,93540.53,92029.58497073082
flet\рисунок496.png,443.85814289036546,221.68593,46.576010232290855,102025.41,101467.5979833584
flet\рисунок497.png,440.48981458471764,99.89746,45.341948973441646,101944.49,101441.31152071098
flet\рисунок498.png,436.6119159800664,278.2097,41.537687841072895,101706.59,101361.93639475851
flet\рисунок499.png,180.2626615614618,864.31854,25.023331244350587,99980.01,99888.19640782413
flet\рисунок500.png,185.10930568106315,1249.89856,18.313455527132163,98956.32,99211.65081061213
flet\рисунок501.png,191.21965099667776,1678.46695,13.681724271435575,97808.1,98420.43059977317
flet\рисунок502.png,305.57134730897013,2630.8244,31.477936564991943,93885.99,93510.45869953591
flet\рисунок503.png,316.28832222591365,1660.38133,29.918385915093754,93566.01,92823.02875609828
flet\рисунок504.png,322.78527913621264,1083.65561,38.90265361747483,94436.0,92540.55508162091
flet\рисунок505.png,210.86827362126246,583.22667,33.71627636741838,94696.02,94743.5765329218
flet\рисунок506.png,214.50649794019935,473.82286,48.429130984328694,95628.91,94691.27588160816
flet\рисунок507.png,218.35035488372094,922.41902,49.156938404021055,95611.09,94571.12207518096
flet\рисунок508.png,143.5462960797342,229.24401,23.2157284364079,94049.54,93669.0057927035
flet\рисунок509.png,145.6453815282392,392.19452,26.490287988289424,93924.03,93385.28567318349
flet\рисунок510.png,147.92382292358803,301.08094,27.329359075792002,93679.63,93213.8250549181
flet\рисунок511.png,537.1108268106312,852.9519,39.00123575553986,84385.89,82626.8946752276
flet\рисунок512.png,544.0677811295681,2005.85254,39.783529952083946,84452.84,82536.52999148439
flet\рисунок513.png,548.4312303654485,821.74476,44.19896606759013,84610.86,82527.47977035087
flet\рисунок514.png,502.14703292358803,1062.31287,28.619533716332548,83483.84,83092.49633265298
flet\рисунок515.png,504.34271435215953,515.93883,33.43797591501319,83808.88,82734.53642454589
flet\рисунок516.png,506.27511966777405,433.73949,34.85530232380602,83843.31,82473.71843631033
flet\рисунок517.png,334.1380384053157,662.99824,28.877636329548135,78631.17,77574.54059298124
flet\рисунок518.png,330.1583881727575,706.71611,33.45438759708427,78820.15,77618.00034950621
flet\рисунок519.png,327.2600328571429,527.08779,32.28307944465614,78579.44,77945.80836414281
flet\рисунок520.png,172.16761717607972,383.99303,29.949339586926182,81624.11,81347.13674683681
flet\рисунок521.png,173.4549160465116,206.28313,37.568560997675974,81854.71,81241.18687228451
flet\рисунок522.png,174.2982741528239,271.54842,38.0924350963288,81834.71,81159.54205598966
